period,reporter,reporter_label,cn8_code,product_label,world_import_value_eur,intra_eu_import_value_eur,extra_eu_import_value_eur,intra_share_pct,extra_share_pct,reconciliation_gap_eur,interpretation,source_url
2025,EU27_2020,"European Union - 27 countries (AT, BE, BG, CY, CZ, DE, DK, EE, ES, FI, FR, GR, HR, HU, IE, IT, LT, LU, LV, MT, NL, PL, PT, RO, SE, SI, SK)",85434000,Electronic cigarettes and similar personal electric vaporizing devices(2022-2500);Electric fence energisers(1996-2006),,552158110.0,879332318.0,,,,EU27 reporter contains extra-EU imports only; do not add Member State world totals to it.,https://ec.europa.eu/eurostat/api/comext/dissemination/statistics/1.0/data/DS-045409?freq=A&reporter=EU27_2020&reporter=AT&reporter=BE&reporter=DE&reporter=DK&reporter=ES&reporter=FI&reporter=FR&reporter=IT&reporter=LU&reporter=NL&reporter=PL&reporter=SE&partner=WORLD&partner=INT_EU27_2020&partner=EXT_EU27_2020&product=85434000&product=24041200&product=24041910&product=24041990&flow=1&indicators=VALUE_IN_EUROS&indicators=QUANTITY_IN_100KG&indicators=SUPPLEMENTARY_QUANTITY&time=2025&lang=en
2025,EU27_2020,"European Union - 27 countries (AT, BE, BG, CY, CZ, DE, DK, EE, ES, FI, FR, GR, HR, HU, IE, IT, LT, LU, LV, MT, NL, PL, PT, RO, SE, SI, SK)",24041200,"Products containing nicotine, intended for inhalation without combustion (excl. containing tobacco or reconstituted tobacco)",,786354096.0,1361123817.0,,,,EU27 reporter contains extra-EU imports only; do not add Member State world totals to it.,https://ec.europa.eu/eurostat/api/comext/dissemination/statistics/1.0/data/DS-045409?freq=A&reporter=EU27_2020&reporter=AT&reporter=BE&reporter=DE&reporter=DK&reporter=ES&reporter=FI&reporter=FR&reporter=IT&reporter=LU&reporter=NL&reporter=PL&reporter=SE&partner=WORLD&partner=INT_EU27_2020&partner=EXT_EU27_2020&product=85434000&product=24041200&product=24041910&product=24041990&flow=1&indicators=VALUE_IN_EUROS&indicators=QUANTITY_IN_100KG&indicators=SUPPLEMENTARY_QUANTITY&time=2025&lang=en
2025,EU27_2020,"European Union - 27 countries (AT, BE, BG, CY, CZ, DE, DK, EE, ES, FI, FR, GR, HR, HU, IE, IT, LT, LU, LV, MT, NL, PL, PT, RO, SE, SI, SK)",24041910,"Products containing tobacco substitutes, intended for inhalation without combustion (excl. containing nicotine)",,2650092.0,244836.0,,,,EU27 reporter contains extra-EU imports only; do not add Member State world totals to it.,https://ec.europa.eu/eurostat/api/comext/dissemination/statistics/1.0/data/DS-045409?freq=A&reporter=EU27_2020&reporter=AT&reporter=BE&reporter=DE&reporter=DK&reporter=ES&reporter=FI&reporter=FR&reporter=IT&reporter=LU&reporter=NL&reporter=PL&reporter=SE&partner=WORLD&partner=INT_EU27_2020&partner=EXT_EU27_2020&product=85434000&product=24041200&product=24041910&product=24041990&flow=1&indicators=VALUE_IN_EUROS&indicators=QUANTITY_IN_100KG&indicators=SUPPLEMENTARY_QUANTITY&time=2025&lang=en
2025,EU27_2020,"European Union - 27 countries (AT, BE, BG, CY, CZ, DE, DK, EE, ES, FI, FR, GR, HR, HU, IE, IT, LT, LU, LV, MT, NL, PL, PT, RO, SE, SI, SK)",24041990,"Products containing nicotine substitutes, intended for inhalation without combustion (excl. containing nicotine or tobacco substitutes)",,54928157.0,48675174.0,,,,EU27 reporter contains extra-EU imports only; do not add Member State world totals to it.,https://ec.europa.eu/eurostat/api/comext/dissemination/statistics/1.0/data/DS-045409?freq=A&reporter=EU27_2020&reporter=AT&reporter=BE&reporter=DE&reporter=DK&reporter=ES&reporter=FI&reporter=FR&reporter=IT&reporter=LU&reporter=NL&reporter=PL&reporter=SE&partner=WORLD&partner=INT_EU27_2020&partner=EXT_EU27_2020&product=85434000&product=24041200&product=24041910&product=24041990&flow=1&indicators=VALUE_IN_EUROS&indicators=QUANTITY_IN_100KG&indicators=SUPPLEMENTARY_QUANTITY&time=2025&lang=en
2025,AT,Austria,85434000,Electronic cigarettes and similar personal electric vaporizing devices(2022-2500);Electric fence energisers(1996-2006),17595253.0,11857089.0,5738164.0,67.38799947917771,32.61200052082229,0.0,"World imports equal intra-EU arrivals plus extra-EU imports, subject to revisions and confidentiality.",https://ec.europa.eu/eurostat/api/comext/dissemination/statistics/1.0/data/DS-045409?freq=A&reporter=EU27_2020&reporter=AT&reporter=BE&reporter=DE&reporter=DK&reporter=ES&reporter=FI&reporter=FR&reporter=IT&reporter=LU&reporter=NL&reporter=PL&reporter=SE&partner=WORLD&partner=INT_EU27_2020&partner=EXT_EU27_2020&product=85434000&product=24041200&product=24041910&product=24041990&flow=1&indicators=VALUE_IN_EUROS&indicators=QUANTITY_IN_100KG&indicators=SUPPLEMENTARY_QUANTITY&time=2025&lang=en
2025,AT,Austria,24041200,"Products containing nicotine, intended for inhalation without combustion (excl. containing tobacco or reconstituted tobacco)",55529737.0,15677254.0,39852483.0,28.232177652849323,71.76782234715068,0.0,"World imports equal intra-EU arrivals plus extra-EU imports, subject to revisions and confidentiality.",https://ec.europa.eu/eurostat/api/comext/dissemination/statistics/1.0/data/DS-045409?freq=A&reporter=EU27_2020&reporter=AT&reporter=BE&reporter=DE&reporter=DK&reporter=ES&reporter=FI&reporter=FR&reporter=IT&reporter=LU&reporter=NL&reporter=PL&reporter=SE&partner=WORLD&partner=INT_EU27_2020&partner=EXT_EU27_2020&product=85434000&product=24041200&product=24041910&product=24041990&flow=1&indicators=VALUE_IN_EUROS&indicators=QUANTITY_IN_100KG&indicators=SUPPLEMENTARY_QUANTITY&time=2025&lang=en
2025,AT,Austria,24041910,"Products containing tobacco substitutes, intended for inhalation without combustion (excl. containing nicotine)",182748.0,171340.0,11408.0,93.75752402215072,6.242475977849279,0.0,"World imports equal intra-EU arrivals plus extra-EU imports, subject to revisions and confidentiality.",https://ec.europa.eu/eurostat/api/comext/dissemination/statistics/1.0/data/DS-045409?freq=A&reporter=EU27_2020&reporter=AT&reporter=BE&reporter=DE&reporter=DK&reporter=ES&reporter=FI&reporter=FR&reporter=IT&reporter=LU&reporter=NL&reporter=PL&reporter=SE&partner=WORLD&partner=INT_EU27_2020&partner=EXT_EU27_2020&product=85434000&product=24041200&product=24041910&product=24041990&flow=1&indicators=VALUE_IN_EUROS&indicators=QUANTITY_IN_100KG&indicators=SUPPLEMENTARY_QUANTITY&time=2025&lang=en
2025,AT,Austria,24041990,"Products containing nicotine substitutes, intended for inhalation without combustion (excl. containing nicotine or tobacco substitutes)",758023.0,268249.0,489774.0,35.38797635427949,64.61202364572051,0.0,"World imports equal intra-EU arrivals plus extra-EU imports, subject to revisions and confidentiality.",https://ec.europa.eu/eurostat/api/comext/dissemination/statistics/1.0/data/DS-045409?freq=A&reporter=EU27_2020&reporter=AT&reporter=BE&reporter=DE&reporter=DK&reporter=ES&reporter=FI&reporter=FR&reporter=IT&reporter=LU&reporter=NL&reporter=PL&reporter=SE&partner=WORLD&partner=INT_EU27_2020&partner=EXT_EU27_2020&product=85434000&product=24041200&product=24041910&product=24041990&flow=1&indicators=VALUE_IN_EUROS&indicators=QUANTITY_IN_100KG&indicators=SUPPLEMENTARY_QUANTITY&time=2025&lang=en
2025,BE,Belgium (incl. Luxembourg 'LU' -> 1998),85434000,Electronic cigarettes and similar personal electric vaporizing devices(2022-2500);Electric fence energisers(1996-2006),21917702.0,4462803.0,17454899.0,20.36163736508508,79.63836263491491,0.0,"World imports equal intra-EU arrivals plus extra-EU imports, subject to revisions and confidentiality.",https://ec.europa.eu/eurostat/api/comext/dissemination/statistics/1.0/data/DS-045409?freq=A&reporter=EU27_2020&reporter=AT&reporter=BE&reporter=DE&reporter=DK&reporter=ES&reporter=FI&reporter=FR&reporter=IT&reporter=LU&reporter=NL&reporter=PL&reporter=SE&partner=WORLD&partner=INT_EU27_2020&partner=EXT_EU27_2020&product=85434000&product=24041200&product=24041910&product=24041990&flow=1&indicators=VALUE_IN_EUROS&indicators=QUANTITY_IN_100KG&indicators=SUPPLEMENTARY_QUANTITY&time=2025&lang=en
2025,BE,Belgium (incl. Luxembourg 'LU' -> 1998),24041200,"Products containing nicotine, intended for inhalation without combustion (excl. containing tobacco or reconstituted tobacco)",105423237.0,15089489.0,90333748.0,14.31324765715551,85.68675234284449,0.0,"World imports equal intra-EU arrivals plus extra-EU imports, subject to revisions and confidentiality.",https://ec.europa.eu/eurostat/api/comext/dissemination/statistics/1.0/data/DS-045409?freq=A&reporter=EU27_2020&reporter=AT&reporter=BE&reporter=DE&reporter=DK&reporter=ES&reporter=FI&reporter=FR&reporter=IT&reporter=LU&reporter=NL&reporter=PL&reporter=SE&partner=WORLD&partner=INT_EU27_2020&partner=EXT_EU27_2020&product=85434000&product=24041200&product=24041910&product=24041990&flow=1&indicators=VALUE_IN_EUROS&indicators=QUANTITY_IN_100KG&indicators=SUPPLEMENTARY_QUANTITY&time=2025&lang=en
2025,BE,Belgium (incl. Luxembourg 'LU' -> 1998),24041910,"Products containing tobacco substitutes, intended for inhalation without combustion (excl. containing nicotine)",869946.0,869685.0,261.0,99.96999813781545,0.030001862184549387,0.0,"World imports equal intra-EU arrivals plus extra-EU imports, subject to revisions and confidentiality.",https://ec.europa.eu/eurostat/api/comext/dissemination/statistics/1.0/data/DS-045409?freq=A&reporter=EU27_2020&reporter=AT&reporter=BE&reporter=DE&reporter=DK&reporter=ES&reporter=FI&reporter=FR&reporter=IT&reporter=LU&reporter=NL&reporter=PL&reporter=SE&partner=WORLD&partner=INT_EU27_2020&partner=EXT_EU27_2020&product=85434000&product=24041200&product=24041910&product=24041990&flow=1&indicators=VALUE_IN_EUROS&indicators=QUANTITY_IN_100KG&indicators=SUPPLEMENTARY_QUANTITY&time=2025&lang=en
2025,BE,Belgium (incl. Luxembourg 'LU' -> 1998),24041990,"Products containing nicotine substitutes, intended for inhalation without combustion (excl. containing nicotine or tobacco substitutes)",1843439.0,124550.0,1718889.0,6.756393892068031,93.24360610793197,0.0,"World imports equal intra-EU arrivals plus extra-EU imports, subject to revisions and confidentiality.",https://ec.europa.eu/eurostat/api/comext/dissemination/statistics/1.0/data/DS-045409?freq=A&reporter=EU27_2020&reporter=AT&reporter=BE&reporter=DE&reporter=DK&reporter=ES&reporter=FI&reporter=FR&reporter=IT&reporter=LU&reporter=NL&reporter=PL&reporter=SE&partner=WORLD&partner=INT_EU27_2020&partner=EXT_EU27_2020&product=85434000&product=24041200&product=24041910&product=24041990&flow=1&indicators=VALUE_IN_EUROS&indicators=QUANTITY_IN_100KG&indicators=SUPPLEMENTARY_QUANTITY&time=2025&lang=en
2025,DE,Germany (incl. German Democratic Republic 'DD' from 1991),85434000,Electronic cigarettes and similar personal electric vaporizing devices(2022-2500);Electric fence energisers(1996-2006),526914000.0,65457019.0,461456981.0,12.422713953320656,87.57728604667935,0.0,"World imports equal intra-EU arrivals plus extra-EU imports, subject to revisions and confidentiality.",https://ec.europa.eu/eurostat/api/comext/dissemination/statistics/1.0/data/DS-045409?freq=A&reporter=EU27_2020&reporter=AT&reporter=BE&reporter=DE&reporter=DK&reporter=ES&reporter=FI&reporter=FR&reporter=IT&reporter=LU&reporter=NL&reporter=PL&reporter=SE&partner=WORLD&partner=INT_EU27_2020&partner=EXT_EU27_2020&product=85434000&product=24041200&product=24041910&product=24041990&flow=1&indicators=VALUE_IN_EUROS&indicators=QUANTITY_IN_100KG&indicators=SUPPLEMENTARY_QUANTITY&time=2025&lang=en
2025,DE,Germany (incl. German Democratic Republic 'DD' from 1991),24041200,"Products containing nicotine, intended for inhalation without combustion (excl. containing tobacco or reconstituted tobacco)",453919215.0,64275269.0,389643946.0,14.160067887850925,85.83993211214907,0.0,"World imports equal intra-EU arrivals plus extra-EU imports, subject to revisions and confidentiality.",https://ec.europa.eu/eurostat/api/comext/dissemination/statistics/1.0/data/DS-045409?freq=A&reporter=EU27_2020&reporter=AT&reporter=BE&reporter=DE&reporter=DK&reporter=ES&reporter=FI&reporter=FR&reporter=IT&reporter=LU&reporter=NL&reporter=PL&reporter=SE&partner=WORLD&partner=INT_EU27_2020&partner=EXT_EU27_2020&product=85434000&product=24041200&product=24041910&product=24041990&flow=1&indicators=VALUE_IN_EUROS&indicators=QUANTITY_IN_100KG&indicators=SUPPLEMENTARY_QUANTITY&time=2025&lang=en
2025,DE,Germany (incl. German Democratic Republic 'DD' from 1991),24041910,"Products containing tobacco substitutes, intended for inhalation without combustion (excl. containing nicotine)",127140.0,114235.0,12905.0,89.84977190498662,10.150228095013372,0.0,"World imports equal intra-EU arrivals plus extra-EU imports, subject to revisions and confidentiality.",https://ec.europa.eu/eurostat/api/comext/dissemination/statistics/1.0/data/DS-045409?freq=A&reporter=EU27_2020&reporter=AT&reporter=BE&reporter=DE&reporter=DK&reporter=ES&reporter=FI&reporter=FR&reporter=IT&reporter=LU&reporter=NL&reporter=PL&reporter=SE&partner=WORLD&partner=INT_EU27_2020&partner=EXT_EU27_2020&product=85434000&product=24041200&product=24041910&product=24041990&flow=1&indicators=VALUE_IN_EUROS&indicators=QUANTITY_IN_100KG&indicators=SUPPLEMENTARY_QUANTITY&time=2025&lang=en
2025,DE,Germany (incl. German Democratic Republic 'DD' from 1991),24041990,"Products containing nicotine substitutes, intended for inhalation without combustion (excl. containing nicotine or tobacco substitutes)",13785721.0,3070868.0,10714853.0,22.275715575558216,77.72428442444178,0.0,"World imports equal intra-EU arrivals plus extra-EU imports, subject to revisions and confidentiality.",https://ec.europa.eu/eurostat/api/comext/dissemination/statistics/1.0/data/DS-045409?freq=A&reporter=EU27_2020&reporter=AT&reporter=BE&reporter=DE&reporter=DK&reporter=ES&reporter=FI&reporter=FR&reporter=IT&reporter=LU&reporter=NL&reporter=PL&reporter=SE&partner=WORLD&partner=INT_EU27_2020&partner=EXT_EU27_2020&product=85434000&product=24041200&product=24041910&product=24041990&flow=1&indicators=VALUE_IN_EUROS&indicators=QUANTITY_IN_100KG&indicators=SUPPLEMENTARY_QUANTITY&time=2025&lang=en
2025,DK,Denmark,85434000,Electronic cigarettes and similar personal electric vaporizing devices(2022-2500);Electric fence energisers(1996-2006),4323700.0,1103384.0,3220316.0,25.51943936905891,74.4805606309411,0.0,"World imports equal intra-EU arrivals plus extra-EU imports, subject to revisions and confidentiality.",https://ec.europa.eu/eurostat/api/comext/dissemination/statistics/1.0/data/DS-045409?freq=A&reporter=EU27_2020&reporter=AT&reporter=BE&reporter=DE&reporter=DK&reporter=ES&reporter=FI&reporter=FR&reporter=IT&reporter=LU&reporter=NL&reporter=PL&reporter=SE&partner=WORLD&partner=INT_EU27_2020&partner=EXT_EU27_2020&product=85434000&product=24041200&product=24041910&product=24041990&flow=1&indicators=VALUE_IN_EUROS&indicators=QUANTITY_IN_100KG&indicators=SUPPLEMENTARY_QUANTITY&time=2025&lang=en
2025,DK,Denmark,24041200,"Products containing nicotine, intended for inhalation without combustion (excl. containing tobacco or reconstituted tobacco)",10062310.0,7202427.0,2859883.0,71.57826582564043,28.421734174359564,0.0,"World imports equal intra-EU arrivals plus extra-EU imports, subject to revisions and confidentiality.",https://ec.europa.eu/eurostat/api/comext/dissemination/statistics/1.0/data/DS-045409?freq=A&reporter=EU27_2020&reporter=AT&reporter=BE&reporter=DE&reporter=DK&reporter=ES&reporter=FI&reporter=FR&reporter=IT&reporter=LU&reporter=NL&reporter=PL&reporter=SE&partner=WORLD&partner=INT_EU27_2020&partner=EXT_EU27_2020&product=85434000&product=24041200&product=24041910&product=24041990&flow=1&indicators=VALUE_IN_EUROS&indicators=QUANTITY_IN_100KG&indicators=SUPPLEMENTARY_QUANTITY&time=2025&lang=en
2025,DK,Denmark,24041910,"Products containing tobacco substitutes, intended for inhalation without combustion (excl. containing nicotine)",30130.0,30130.0,,100.0,,,"World imports equal intra-EU arrivals plus extra-EU imports, subject to revisions and confidentiality.",https://ec.europa.eu/eurostat/api/comext/dissemination/statistics/1.0/data/DS-045409?freq=A&reporter=EU27_2020&reporter=AT&reporter=BE&reporter=DE&reporter=DK&reporter=ES&reporter=FI&reporter=FR&reporter=IT&reporter=LU&reporter=NL&reporter=PL&reporter=SE&partner=WORLD&partner=INT_EU27_2020&partner=EXT_EU27_2020&product=85434000&product=24041200&product=24041910&product=24041990&flow=1&indicators=VALUE_IN_EUROS&indicators=QUANTITY_IN_100KG&indicators=SUPPLEMENTARY_QUANTITY&time=2025&lang=en
2025,DK,Denmark,24041990,"Products containing nicotine substitutes, intended for inhalation without combustion (excl. containing nicotine or tobacco substitutes)",759636.0,373778.0,385858.0,49.20488233838312,50.795117661616885,0.0,"World imports equal intra-EU arrivals plus extra-EU imports, subject to revisions and confidentiality.",https://ec.europa.eu/eurostat/api/comext/dissemination/statistics/1.0/data/DS-045409?freq=A&reporter=EU27_2020&reporter=AT&reporter=BE&reporter=DE&reporter=DK&reporter=ES&reporter=FI&reporter=FR&reporter=IT&reporter=LU&reporter=NL&reporter=PL&reporter=SE&partner=WORLD&partner=INT_EU27_2020&partner=EXT_EU27_2020&product=85434000&product=24041200&product=24041910&product=24041990&flow=1&indicators=VALUE_IN_EUROS&indicators=QUANTITY_IN_100KG&indicators=SUPPLEMENTARY_QUANTITY&time=2025&lang=en
2025,ES,Spain (incl. Canary Islands 'XB' from 1997),85434000,Electronic cigarettes and similar personal electric vaporizing devices(2022-2500);Electric fence energisers(1996-2006),33300071.0,14120084.0,19179987.0,42.40256424678494,57.597435753215066,0.0,"World imports equal intra-EU arrivals plus extra-EU imports, subject to revisions and confidentiality.",https://ec.europa.eu/eurostat/api/comext/dissemination/statistics/1.0/data/DS-045409?freq=A&reporter=EU27_2020&reporter=AT&reporter=BE&reporter=DE&reporter=DK&reporter=ES&reporter=FI&reporter=FR&reporter=IT&reporter=LU&reporter=NL&reporter=PL&reporter=SE&partner=WORLD&partner=INT_EU27_2020&partner=EXT_EU27_2020&product=85434000&product=24041200&product=24041910&product=24041990&flow=1&indicators=VALUE_IN_EUROS&indicators=QUANTITY_IN_100KG&indicators=SUPPLEMENTARY_QUANTITY&time=2025&lang=en
2025,ES,Spain (incl. Canary Islands 'XB' from 1997),24041200,"Products containing nicotine, intended for inhalation without combustion (excl. containing tobacco or reconstituted tobacco)",110144755.0,53612878.0,56531877.0,48.674926009867654,51.32507399013235,0.0,"World imports equal intra-EU arrivals plus extra-EU imports, subject to revisions and confidentiality.",https://ec.europa.eu/eurostat/api/comext/dissemination/statistics/1.0/data/DS-045409?freq=A&reporter=EU27_2020&reporter=AT&reporter=BE&reporter=DE&reporter=DK&reporter=ES&reporter=FI&reporter=FR&reporter=IT&reporter=LU&reporter=NL&reporter=PL&reporter=SE&partner=WORLD&partner=INT_EU27_2020&partner=EXT_EU27_2020&product=85434000&product=24041200&product=24041910&product=24041990&flow=1&indicators=VALUE_IN_EUROS&indicators=QUANTITY_IN_100KG&indicators=SUPPLEMENTARY_QUANTITY&time=2025&lang=en
2025,ES,Spain (incl. Canary Islands 'XB' from 1997),24041910,"Products containing tobacco substitutes, intended for inhalation without combustion (excl. containing nicotine)",1194087.0,1194087.0,,100.0,,,"World imports equal intra-EU arrivals plus extra-EU imports, subject to revisions and confidentiality.",https://ec.europa.eu/eurostat/api/comext/dissemination/statistics/1.0/data/DS-045409?freq=A&reporter=EU27_2020&reporter=AT&reporter=BE&reporter=DE&reporter=DK&reporter=ES&reporter=FI&reporter=FR&reporter=IT&reporter=LU&reporter=NL&reporter=PL&reporter=SE&partner=WORLD&partner=INT_EU27_2020&partner=EXT_EU27_2020&product=85434000&product=24041200&product=24041910&product=24041990&flow=1&indicators=VALUE_IN_EUROS&indicators=QUANTITY_IN_100KG&indicators=SUPPLEMENTARY_QUANTITY&time=2025&lang=en
2025,ES,Spain (incl. Canary Islands 'XB' from 1997),24041990,"Products containing nicotine substitutes, intended for inhalation without combustion (excl. containing nicotine or tobacco substitutes)",5208642.0,1480211.0,3728431.0,28.41836701389729,71.58163298610272,0.0,"World imports equal intra-EU arrivals plus extra-EU imports, subject to revisions and confidentiality.",https://ec.europa.eu/eurostat/api/comext/dissemination/statistics/1.0/data/DS-045409?freq=A&reporter=EU27_2020&reporter=AT&reporter=BE&reporter=DE&reporter=DK&reporter=ES&reporter=FI&reporter=FR&reporter=IT&reporter=LU&reporter=NL&reporter=PL&reporter=SE&partner=WORLD&partner=INT_EU27_2020&partner=EXT_EU27_2020&product=85434000&product=24041200&product=24041910&product=24041990&flow=1&indicators=VALUE_IN_EUROS&indicators=QUANTITY_IN_100KG&indicators=SUPPLEMENTARY_QUANTITY&time=2025&lang=en
2025,FI,Finland,85434000,Electronic cigarettes and similar personal electric vaporizing devices(2022-2500);Electric fence energisers(1996-2006),1039632.0,1017539.0,22093.0,97.87492112593686,2.1250788740631297,0.0,"World imports equal intra-EU arrivals plus extra-EU imports, subject to revisions and confidentiality.",https://ec.europa.eu/eurostat/api/comext/dissemination/statistics/1.0/data/DS-045409?freq=A&reporter=EU27_2020&reporter=AT&reporter=BE&reporter=DE&reporter=DK&reporter=ES&reporter=FI&reporter=FR&reporter=IT&reporter=LU&reporter=NL&reporter=PL&reporter=SE&partner=WORLD&partner=INT_EU27_2020&partner=EXT_EU27_2020&product=85434000&product=24041200&product=24041910&product=24041990&flow=1&indicators=VALUE_IN_EUROS&indicators=QUANTITY_IN_100KG&indicators=SUPPLEMENTARY_QUANTITY&time=2025&lang=en
2025,FI,Finland,24041200,"Products containing nicotine, intended for inhalation without combustion (excl. containing tobacco or reconstituted tobacco)",4563820.0,4080231.0,483589.0,89.40385466560907,10.596145334390927,0.0,"World imports equal intra-EU arrivals plus extra-EU imports, subject to revisions and confidentiality.",https://ec.europa.eu/eurostat/api/comext/dissemination/statistics/1.0/data/DS-045409?freq=A&reporter=EU27_2020&reporter=AT&reporter=BE&reporter=DE&reporter=DK&reporter=ES&reporter=FI&reporter=FR&reporter=IT&reporter=LU&reporter=NL&reporter=PL&reporter=SE&partner=WORLD&partner=INT_EU27_2020&partner=EXT_EU27_2020&product=85434000&product=24041200&product=24041910&product=24041990&flow=1&indicators=VALUE_IN_EUROS&indicators=QUANTITY_IN_100KG&indicators=SUPPLEMENTARY_QUANTITY&time=2025&lang=en
2025,FI,Finland,24041990,"Products containing nicotine substitutes, intended for inhalation without combustion (excl. containing nicotine or tobacco substitutes)",5878.0,,5878.0,,100.0,,"World imports equal intra-EU arrivals plus extra-EU imports, subject to revisions and confidentiality.",https://ec.europa.eu/eurostat/api/comext/dissemination/statistics/1.0/data/DS-045409?freq=A&reporter=EU27_2020&reporter=AT&reporter=BE&reporter=DE&reporter=DK&reporter=ES&reporter=FI&reporter=FR&reporter=IT&reporter=LU&reporter=NL&reporter=PL&reporter=SE&partner=WORLD&partner=INT_EU27_2020&partner=EXT_EU27_2020&product=85434000&product=24041200&product=24041910&product=24041990&flow=1&indicators=VALUE_IN_EUROS&indicators=QUANTITY_IN_100KG&indicators=SUPPLEMENTARY_QUANTITY&time=2025&lang=en
2025,FR,"France (incl. Saint Barthélemy 'BL' -> 2012; incl. French Guiana 'GF', Guadeloupe 'GP', Martinique 'MQ', Réunion 'RE' from 1997; incl. Mayotte 'YT' from 2014)",85434000,Electronic cigarettes and similar personal electric vaporizing devices(2022-2500);Electric fence energisers(1996-2006),191525311.0,39433982.0,152091329.0,20.58943634870276,79.41056365129724,0.0,"World imports equal intra-EU arrivals plus extra-EU imports, subject to revisions and confidentiality.",https://ec.europa.eu/eurostat/api/comext/dissemination/statistics/1.0/data/DS-045409?freq=A&reporter=EU27_2020&reporter=AT&reporter=BE&reporter=DE&reporter=DK&reporter=ES&reporter=FI&reporter=FR&reporter=IT&reporter=LU&reporter=NL&reporter=PL&reporter=SE&partner=WORLD&partner=INT_EU27_2020&partner=EXT_EU27_2020&product=85434000&product=24041200&product=24041910&product=24041990&flow=1&indicators=VALUE_IN_EUROS&indicators=QUANTITY_IN_100KG&indicators=SUPPLEMENTARY_QUANTITY&time=2025&lang=en
2025,FR,"France (incl. Saint Barthélemy 'BL' -> 2012; incl. French Guiana 'GF', Guadeloupe 'GP', Martinique 'MQ', Réunion 'RE' from 1997; incl. Mayotte 'YT' from 2014)",24041200,"Products containing nicotine, intended for inhalation without combustion (excl. containing tobacco or reconstituted tobacco)",155593223.0,95359068.0,60234155.0,61.28741738321084,38.71258261678916,0.0,"World imports equal intra-EU arrivals plus extra-EU imports, subject to revisions and confidentiality.",https://ec.europa.eu/eurostat/api/comext/dissemination/statistics/1.0/data/DS-045409?freq=A&reporter=EU27_2020&reporter=AT&reporter=BE&reporter=DE&reporter=DK&reporter=ES&reporter=FI&reporter=FR&reporter=IT&reporter=LU&reporter=NL&reporter=PL&reporter=SE&partner=WORLD&partner=INT_EU27_2020&partner=EXT_EU27_2020&product=85434000&product=24041200&product=24041910&product=24041990&flow=1&indicators=VALUE_IN_EUROS&indicators=QUANTITY_IN_100KG&indicators=SUPPLEMENTARY_QUANTITY&time=2025&lang=en
2025,FR,"France (incl. Saint Barthélemy 'BL' -> 2012; incl. French Guiana 'GF', Guadeloupe 'GP', Martinique 'MQ', Réunion 'RE' from 1997; incl. Mayotte 'YT' from 2014)",24041910,"Products containing tobacco substitutes, intended for inhalation without combustion (excl. containing nicotine)",25794.0,,25794.0,,100.0,,"World imports equal intra-EU arrivals plus extra-EU imports, subject to revisions and confidentiality.",https://ec.europa.eu/eurostat/api/comext/dissemination/statistics/1.0/data/DS-045409?freq=A&reporter=EU27_2020&reporter=AT&reporter=BE&reporter=DE&reporter=DK&reporter=ES&reporter=FI&reporter=FR&reporter=IT&reporter=LU&reporter=NL&reporter=PL&reporter=SE&partner=WORLD&partner=INT_EU27_2020&partner=EXT_EU27_2020&product=85434000&product=24041200&product=24041910&product=24041990&flow=1&indicators=VALUE_IN_EUROS&indicators=QUANTITY_IN_100KG&indicators=SUPPLEMENTARY_QUANTITY&time=2025&lang=en
2025,FR,"France (incl. Saint Barthélemy 'BL' -> 2012; incl. French Guiana 'GF', Guadeloupe 'GP', Martinique 'MQ', Réunion 'RE' from 1997; incl. Mayotte 'YT' from 2014)",24041990,"Products containing nicotine substitutes, intended for inhalation without combustion (excl. containing nicotine or tobacco substitutes)",16686803.0,2548545.0,14138258.0,15.272817687126766,84.72718231287323,0.0,"World imports equal intra-EU arrivals plus extra-EU imports, subject to revisions and confidentiality.",https://ec.europa.eu/eurostat/api/comext/dissemination/statistics/1.0/data/DS-045409?freq=A&reporter=EU27_2020&reporter=AT&reporter=BE&reporter=DE&reporter=DK&reporter=ES&reporter=FI&reporter=FR&reporter=IT&reporter=LU&reporter=NL&reporter=PL&reporter=SE&partner=WORLD&partner=INT_EU27_2020&partner=EXT_EU27_2020&product=85434000&product=24041200&product=24041910&product=24041990&flow=1&indicators=VALUE_IN_EUROS&indicators=QUANTITY_IN_100KG&indicators=SUPPLEMENTARY_QUANTITY&time=2025&lang=en
2025,IT,Italy (incl. San Marino 'SM' -> 1993),85434000,Electronic cigarettes and similar personal electric vaporizing devices(2022-2500);Electric fence energisers(1996-2006),186236687.0,169583347.0,16653340.0,91.05797022688661,8.942029773113394,0.0,"World imports equal intra-EU arrivals plus extra-EU imports, subject to revisions and confidentiality.",https://ec.europa.eu/eurostat/api/comext/dissemination/statistics/1.0/data/DS-045409?freq=A&reporter=EU27_2020&reporter=AT&reporter=BE&reporter=DE&reporter=DK&reporter=ES&reporter=FI&reporter=FR&reporter=IT&reporter=LU&reporter=NL&reporter=PL&reporter=SE&partner=WORLD&partner=INT_EU27_2020&partner=EXT_EU27_2020&product=85434000&product=24041200&product=24041910&product=24041990&flow=1&indicators=VALUE_IN_EUROS&indicators=QUANTITY_IN_100KG&indicators=SUPPLEMENTARY_QUANTITY&time=2025&lang=en
2025,IT,Italy (incl. San Marino 'SM' -> 1993),24041200,"Products containing nicotine, intended for inhalation without combustion (excl. containing tobacco or reconstituted tobacco)",232808369.0,125143799.0,107664570.0,53.75399498632285,46.24600501367715,0.0,"World imports equal intra-EU arrivals plus extra-EU imports, subject to revisions and confidentiality.",https://ec.europa.eu/eurostat/api/comext/dissemination/statistics/1.0/data/DS-045409?freq=A&reporter=EU27_2020&reporter=AT&reporter=BE&reporter=DE&reporter=DK&reporter=ES&reporter=FI&reporter=FR&reporter=IT&reporter=LU&reporter=NL&reporter=PL&reporter=SE&partner=WORLD&partner=INT_EU27_2020&partner=EXT_EU27_2020&product=85434000&product=24041200&product=24041910&product=24041990&flow=1&indicators=VALUE_IN_EUROS&indicators=QUANTITY_IN_100KG&indicators=SUPPLEMENTARY_QUANTITY&time=2025&lang=en
2025,IT,Italy (incl. San Marino 'SM' -> 1993),24041990,"Products containing nicotine substitutes, intended for inhalation without combustion (excl. containing nicotine or tobacco substitutes)",12220143.0,9645713.0,2574430.0,78.93289792107997,21.067102078920026,0.0,"World imports equal intra-EU arrivals plus extra-EU imports, subject to revisions and confidentiality.",https://ec.europa.eu/eurostat/api/comext/dissemination/statistics/1.0/data/DS-045409?freq=A&reporter=EU27_2020&reporter=AT&reporter=BE&reporter=DE&reporter=DK&reporter=ES&reporter=FI&reporter=FR&reporter=IT&reporter=LU&reporter=NL&reporter=PL&reporter=SE&partner=WORLD&partner=INT_EU27_2020&partner=EXT_EU27_2020&product=85434000&product=24041200&product=24041910&product=24041990&flow=1&indicators=VALUE_IN_EUROS&indicators=QUANTITY_IN_100KG&indicators=SUPPLEMENTARY_QUANTITY&time=2025&lang=en
2025,LU,Luxembourg,85434000,Electronic cigarettes and similar personal electric vaporizing devices(2022-2500);Electric fence energisers(1996-2006),1678417.0,1672950.0,5467.0,99.67427641640903,0.325723583590967,0.0,"World imports equal intra-EU arrivals plus extra-EU imports, subject to revisions and confidentiality.",https://ec.europa.eu/eurostat/api/comext/dissemination/statistics/1.0/data/DS-045409?freq=A&reporter=EU27_2020&reporter=AT&reporter=BE&reporter=DE&reporter=DK&reporter=ES&reporter=FI&reporter=FR&reporter=IT&reporter=LU&reporter=NL&reporter=PL&reporter=SE&partner=WORLD&partner=INT_EU27_2020&partner=EXT_EU27_2020&product=85434000&product=24041200&product=24041910&product=24041990&flow=1&indicators=VALUE_IN_EUROS&indicators=QUANTITY_IN_100KG&indicators=SUPPLEMENTARY_QUANTITY&time=2025&lang=en
2025,LU,Luxembourg,24041200,"Products containing nicotine, intended for inhalation without combustion (excl. containing tobacco or reconstituted tobacco)",9330902.0,9307883.0,23019.0,99.75330359272876,0.24669640727123704,0.0,"World imports equal intra-EU arrivals plus extra-EU imports, subject to revisions and confidentiality.",https://ec.europa.eu/eurostat/api/comext/dissemination/statistics/1.0/data/DS-045409?freq=A&reporter=EU27_2020&reporter=AT&reporter=BE&reporter=DE&reporter=DK&reporter=ES&reporter=FI&reporter=FR&reporter=IT&reporter=LU&reporter=NL&reporter=PL&reporter=SE&partner=WORLD&partner=INT_EU27_2020&partner=EXT_EU27_2020&product=85434000&product=24041200&product=24041910&product=24041990&flow=1&indicators=VALUE_IN_EUROS&indicators=QUANTITY_IN_100KG&indicators=SUPPLEMENTARY_QUANTITY&time=2025&lang=en
2025,LU,Luxembourg,24041990,"Products containing nicotine substitutes, intended for inhalation without combustion (excl. containing nicotine or tobacco substitutes)",11777.0,2171.0,9606.0,18.43423622314681,81.56576377685319,0.0,"World imports equal intra-EU arrivals plus extra-EU imports, subject to revisions and confidentiality.",https://ec.europa.eu/eurostat/api/comext/dissemination/statistics/1.0/data/DS-045409?freq=A&reporter=EU27_2020&reporter=AT&reporter=BE&reporter=DE&reporter=DK&reporter=ES&reporter=FI&reporter=FR&reporter=IT&reporter=LU&reporter=NL&reporter=PL&reporter=SE&partner=WORLD&partner=INT_EU27_2020&partner=EXT_EU27_2020&product=85434000&product=24041200&product=24041910&product=24041990&flow=1&indicators=VALUE_IN_EUROS&indicators=QUANTITY_IN_100KG&indicators=SUPPLEMENTARY_QUANTITY&time=2025&lang=en
2025,NL,Netherlands,85434000,Electronic cigarettes and similar personal electric vaporizing devices(2022-2500);Electric fence energisers(1996-2006),35364941.0,12302229.0,23062712.0,34.78651074237619,65.21348925762382,0.0,"World imports equal intra-EU arrivals plus extra-EU imports, subject to revisions and confidentiality.",https://ec.europa.eu/eurostat/api/comext/dissemination/statistics/1.0/data/DS-045409?freq=A&reporter=EU27_2020&reporter=AT&reporter=BE&reporter=DE&reporter=DK&reporter=ES&reporter=FI&reporter=FR&reporter=IT&reporter=LU&reporter=NL&reporter=PL&reporter=SE&partner=WORLD&partner=INT_EU27_2020&partner=EXT_EU27_2020&product=85434000&product=24041200&product=24041910&product=24041990&flow=1&indicators=VALUE_IN_EUROS&indicators=QUANTITY_IN_100KG&indicators=SUPPLEMENTARY_QUANTITY&time=2025&lang=en
2025,NL,Netherlands,24041200,"Products containing nicotine, intended for inhalation without combustion (excl. containing tobacco or reconstituted tobacco)",169398303.0,16421207.0,152977096.0,9.693843863359126,90.30615613664087,0.0,"World imports equal intra-EU arrivals plus extra-EU imports, subject to revisions and confidentiality.",https://ec.europa.eu/eurostat/api/comext/dissemination/statistics/1.0/data/DS-045409?freq=A&reporter=EU27_2020&reporter=AT&reporter=BE&reporter=DE&reporter=DK&reporter=ES&reporter=FI&reporter=FR&reporter=IT&reporter=LU&reporter=NL&reporter=PL&reporter=SE&partner=WORLD&partner=INT_EU27_2020&partner=EXT_EU27_2020&product=85434000&product=24041200&product=24041910&product=24041990&flow=1&indicators=VALUE_IN_EUROS&indicators=QUANTITY_IN_100KG&indicators=SUPPLEMENTARY_QUANTITY&time=2025&lang=en
2025,NL,Netherlands,24041910,"Products containing tobacco substitutes, intended for inhalation without combustion (excl. containing nicotine)",18601.0,18597.0,4.0,99.97849577979679,0.02150422020321488,0.0,"World imports equal intra-EU arrivals plus extra-EU imports, subject to revisions and confidentiality.",https://ec.europa.eu/eurostat/api/comext/dissemination/statistics/1.0/data/DS-045409?freq=A&reporter=EU27_2020&reporter=AT&reporter=BE&reporter=DE&reporter=DK&reporter=ES&reporter=FI&reporter=FR&reporter=IT&reporter=LU&reporter=NL&reporter=PL&reporter=SE&partner=WORLD&partner=INT_EU27_2020&partner=EXT_EU27_2020&product=85434000&product=24041200&product=24041910&product=24041990&flow=1&indicators=VALUE_IN_EUROS&indicators=QUANTITY_IN_100KG&indicators=SUPPLEMENTARY_QUANTITY&time=2025&lang=en
2025,NL,Netherlands,24041990,"Products containing nicotine substitutes, intended for inhalation without combustion (excl. containing nicotine or tobacco substitutes)",29626141.0,26566584.0,3059557.0,89.67277918511223,10.32722081488777,0.0,"World imports equal intra-EU arrivals plus extra-EU imports, subject to revisions and confidentiality.",https://ec.europa.eu/eurostat/api/comext/dissemination/statistics/1.0/data/DS-045409?freq=A&reporter=EU27_2020&reporter=AT&reporter=BE&reporter=DE&reporter=DK&reporter=ES&reporter=FI&reporter=FR&reporter=IT&reporter=LU&reporter=NL&reporter=PL&reporter=SE&partner=WORLD&partner=INT_EU27_2020&partner=EXT_EU27_2020&product=85434000&product=24041200&product=24041910&product=24041990&flow=1&indicators=VALUE_IN_EUROS&indicators=QUANTITY_IN_100KG&indicators=SUPPLEMENTARY_QUANTITY&time=2025&lang=en
2025,PL,Poland,85434000,Electronic cigarettes and similar personal electric vaporizing devices(2022-2500);Electric fence energisers(1996-2006),114354799.0,54046100.0,60308699.0,47.26176817467888,52.73823182532112,0.0,"World imports equal intra-EU arrivals plus extra-EU imports, subject to revisions and confidentiality.",https://ec.europa.eu/eurostat/api/comext/dissemination/statistics/1.0/data/DS-045409?freq=A&reporter=EU27_2020&reporter=AT&reporter=BE&reporter=DE&reporter=DK&reporter=ES&reporter=FI&reporter=FR&reporter=IT&reporter=LU&reporter=NL&reporter=PL&reporter=SE&partner=WORLD&partner=INT_EU27_2020&partner=EXT_EU27_2020&product=85434000&product=24041200&product=24041910&product=24041990&flow=1&indicators=VALUE_IN_EUROS&indicators=QUANTITY_IN_100KG&indicators=SUPPLEMENTARY_QUANTITY&time=2025&lang=en
2025,PL,Poland,24041200,"Products containing nicotine, intended for inhalation without combustion (excl. containing tobacco or reconstituted tobacco)",96224937.0,63430529.0,32794408.0,65.91901328031007,34.080986719689925,0.0,"World imports equal intra-EU arrivals plus extra-EU imports, subject to revisions and confidentiality.",https://ec.europa.eu/eurostat/api/comext/dissemination/statistics/1.0/data/DS-045409?freq=A&reporter=EU27_2020&reporter=AT&reporter=BE&reporter=DE&reporter=DK&reporter=ES&reporter=FI&reporter=FR&reporter=IT&reporter=LU&reporter=NL&reporter=PL&reporter=SE&partner=WORLD&partner=INT_EU27_2020&partner=EXT_EU27_2020&product=85434000&product=24041200&product=24041910&product=24041990&flow=1&indicators=VALUE_IN_EUROS&indicators=QUANTITY_IN_100KG&indicators=SUPPLEMENTARY_QUANTITY&time=2025&lang=en
2025,PL,Poland,24041990,"Products containing nicotine substitutes, intended for inhalation without combustion (excl. containing nicotine or tobacco substitutes)",623864.0,14609.0,609255.0,2.341696267135145,97.65830373286487,0.0,"World imports equal intra-EU arrivals plus extra-EU imports, subject to revisions and confidentiality.",https://ec.europa.eu/eurostat/api/comext/dissemination/statistics/1.0/data/DS-045409?freq=A&reporter=EU27_2020&reporter=AT&reporter=BE&reporter=DE&reporter=DK&reporter=ES&reporter=FI&reporter=FR&reporter=IT&reporter=LU&reporter=NL&reporter=PL&reporter=SE&partner=WORLD&partner=INT_EU27_2020&partner=EXT_EU27_2020&product=85434000&product=24041200&product=24041910&product=24041990&flow=1&indicators=VALUE_IN_EUROS&indicators=QUANTITY_IN_100KG&indicators=SUPPLEMENTARY_QUANTITY&time=2025&lang=en
2025,SE,Sweden,85434000,Electronic cigarettes and similar personal electric vaporizing devices(2022-2500);Electric fence energisers(1996-2006),2317223.0,827467.0,1489756.0,35.70942460004928,64.29057539995073,0.0,"World imports equal intra-EU arrivals plus extra-EU imports, subject to revisions and confidentiality.",https://ec.europa.eu/eurostat/api/comext/dissemination/statistics/1.0/data/DS-045409?freq=A&reporter=EU27_2020&reporter=AT&reporter=BE&reporter=DE&reporter=DK&reporter=ES&reporter=FI&reporter=FR&reporter=IT&reporter=LU&reporter=NL&reporter=PL&reporter=SE&partner=WORLD&partner=INT_EU27_2020&partner=EXT_EU27_2020&product=85434000&product=24041200&product=24041910&product=24041990&flow=1&indicators=VALUE_IN_EUROS&indicators=QUANTITY_IN_100KG&indicators=SUPPLEMENTARY_QUANTITY&time=2025&lang=en
2025,SE,Sweden,24041200,"Products containing nicotine, intended for inhalation without combustion (excl. containing tobacco or reconstituted tobacco)",47710431.0,11421403.0,36289028.0,23.939006126354215,76.06099387364578,0.0,"World imports equal intra-EU arrivals plus extra-EU imports, subject to revisions and confidentiality.",https://ec.europa.eu/eurostat/api/comext/dissemination/statistics/1.0/data/DS-045409?freq=A&reporter=EU27_2020&reporter=AT&reporter=BE&reporter=DE&reporter=DK&reporter=ES&reporter=FI&reporter=FR&reporter=IT&reporter=LU&reporter=NL&reporter=PL&reporter=SE&partner=WORLD&partner=INT_EU27_2020&partner=EXT_EU27_2020&product=85434000&product=24041200&product=24041910&product=24041990&flow=1&indicators=VALUE_IN_EUROS&indicators=QUANTITY_IN_100KG&indicators=SUPPLEMENTARY_QUANTITY&time=2025&lang=en
2025,SE,Sweden,24041910,"Products containing tobacco substitutes, intended for inhalation without combustion (excl. containing nicotine)",116.0,,116.0,,100.0,,"World imports equal intra-EU arrivals plus extra-EU imports, subject to revisions and confidentiality.",https://ec.europa.eu/eurostat/api/comext/dissemination/statistics/1.0/data/DS-045409?freq=A&reporter=EU27_2020&reporter=AT&reporter=BE&reporter=DE&reporter=DK&reporter=ES&reporter=FI&reporter=FR&reporter=IT&reporter=LU&reporter=NL&reporter=PL&reporter=SE&partner=WORLD&partner=INT_EU27_2020&partner=EXT_EU27_2020&product=85434000&product=24041200&product=24041910&product=24041990&flow=1&indicators=VALUE_IN_EUROS&indicators=QUANTITY_IN_100KG&indicators=SUPPLEMENTARY_QUANTITY&time=2025&lang=en
2025,SE,Sweden,24041990,"Products containing nicotine substitutes, intended for inhalation without combustion (excl. containing nicotine or tobacco substitutes)",1020528.0,,1020528.0,,100.0,,"World imports equal intra-EU arrivals plus extra-EU imports, subject to revisions and confidentiality.",https://ec.europa.eu/eurostat/api/comext/dissemination/statistics/1.0/data/DS-045409?freq=A&reporter=EU27_2020&reporter=AT&reporter=BE&reporter=DE&reporter=DK&reporter=ES&reporter=FI&reporter=FR&reporter=IT&reporter=LU&reporter=NL&reporter=PL&reporter=SE&partner=WORLD&partner=INT_EU27_2020&partner=EXT_EU27_2020&product=85434000&product=24041200&product=24041910&product=24041990&flow=1&indicators=VALUE_IN_EUROS&indicators=QUANTITY_IN_100KG&indicators=SUPPLEMENTARY_QUANTITY&time=2025&lang=en
